{
  "cer": 0.08951406649616368,
  "exact_match_rate": 0.06463414634146342,
  "mean_row_cer": 0.09193804527040746,
  "mean_row_wer": 0.325210657243618,
  "rows": 820,
  "score": 0.20226380831583252,
  "total_char_deletions": 1183,
  "total_char_insertions": 772,
  "total_char_substitutions": 2595,
  "total_word_deletions": 285,
  "total_word_insertions": 134,
  "total_word_substitutions": 2487,
  "wer": 0.31501355013550136
}